{"mushrooms_set": {"5": {"confusion_matrix": [[[839, 0], [0, 786]], [[835, 0], [0, 790]], [[831, 0], [0, 794]], [[840, 0], [0, 785]], [[829, 0], [0, 796]], [[844, 0], [0, 781]], [[829, 0], [0, 796]], [[839, 0], [0, 786]], [[843, 0], [0, 782]], [[838, 0], [0, 787]], [[882, 0], [0, 743]], [[865, 0], [0, 760]], [[810, 0], [0, 815]], [[838, 0], [0, 787]], [[885, 0], [0, 740]], [[841, 0], [0, 784]], [[827, 0], [0, 798]], [[843, 0], [0, 782]], [[854, 0], [0, 771]], [[843, 0], [0, 782]], [[846, 0], [0, 779]], [[879, 0], [0, 746]], [[826, 0], [0, 799]], [[839, 0], [0, 786]], [[851, 0], [0, 774]]], "accuracy": [1.0, 1.0, 1.0, 1.0, 1.0, 1.0, 1.0, 1.0, 1.0, 1.0, 1.0, 1.0, 1.0, 1.0, 1.0, 1.0, 1.0, 1.0, 1.0, 1.0, 1.0, 1.0, 1.0, 1.0, 1.0], "precision": [1.0, 1.0, 1.0, 1.0, 1.0, 1.0, 1.0, 1.0, 1.0, 1.0, 1.0, 1.0, 1.0, 1.0, 1.0, 1.0, 1.0, 1.0, 1.0, 1.0, 1.0, 1.0, 1.0, 1.0, 1.0], "f1_score": [1.0, 1.0, 1.0, 1.0, 1.0, 1.0, 1.0, 1.0, 1.0, 1.0, 1.0, 1.0, 1.0, 1.0, 1.0, 1.0, 1.0, 1.0, 1.0, 1.0, 1.0, 1.0, 1.0, 1.0, 1.0], "statistics": {"confusion_matrix": {"avg": [[843.84, 0.0], [0.0, 781.16]], "std": [[17.421090666201128, 0.0], [0.0, 17.421090666201128]], "max": [[885, 0], [0, 815]], "min": [[810, 0], [0, 740]]}, "accuracy": {"avg": 1.0, "std": 0.0, "max": 1.0, "min": 1.0}, "precision": {"avg": 1.0, "std": 0.0, "max": 1.0, "min": 1.0}, "f1_score": {"avg": 1.0, "std": 0.0, "max": 1.0, "min": 1.0}}}, "10": {"confusion_matrix": [[[844, 0], [0, 781]], [[843, 0], [0, 782]], [[858, 0], [0, 767]], [[829, 0], [0, 796]], [[842, 0], [0, 783]], [[838, 0], [0, 787]], [[825, 0], [0, 800]], [[821, 0], [0, 804]], [[853, 0], [0, 772]], [[842, 0], [0, 783]], [[834, 0], [0, 791]], [[838, 0], [0, 787]], [[873, 0], [0, 752]], [[838, 0], [0, 787]], [[865, 0], [0, 760]], [[831, 0], [0, 794]], [[823, 0], [0, 802]], [[812, 0], [0, 813]], [[845, 0], [0, 780]], [[840, 0], [0, 785]], [[804, 0], [0, 821]], [[849, 0], [0, 776]], [[840, 0], [0, 785]], [[843, 0], [0, 782]], [[816, 0], [0, 809]]], "accuracy": [1.0, 1.0, 1.0, 1.0, 1.0, 1.0, 1.0, 1.0, 1.0, 1.0, 1.0, 1.0, 1.0, 1.0, 1.0, 1.0, 1.0, 1.0, 1.0, 1.0, 1.0, 1.0, 1.0, 1.0, 1.0], "precision": [1.0, 1.0, 1.0, 1.0, 1.0, 1.0, 1.0, 1.0, 1.0, 1.0, 1.0, 1.0, 1.0, 1.0, 1.0, 1.0, 1.0, 1.0, 1.0, 1.0, 1.0, 1.0, 1.0, 1.0, 1.0], "f1_score": [1.0, 1.0, 1.0, 1.0, 1.0, 1.0, 1.0, 1.0, 1.0, 1.0, 1.0, 1.0, 1.0, 1.0, 1.0, 1.0, 1.0, 1.0, 1.0, 1.0, 1.0, 1.0, 1.0, 1.0, 1.0], "statistics": {"confusion_matrix": {"avg": [[837.84, 0.0], [0.0, 787.16]], "std": [[15.51690690827267, 0.0], [0.0, 15.51690690827267]], "max": [[873, 0], [0, 821]], "min": [[804, 0], [0, 752]]}, "accuracy": {"avg": 1.0, "std": 0.0, "max": 1.0, "min": 1.0}, "precision": {"avg": 1.0, "std": 0.0, "max": 1.0, "min": 1.0}, "f1_score": {"avg": 1.0, "std": 0.0, "max": 1.0, "min": 1.0}}}, "sqrt": {"confusion_matrix": [[[846, 0], [0, 779]], [[835, 0], [0, 790]], [[835, 0], [0, 790]], [[862, 0], [0, 763]], [[840, 0], [0, 785]], [[848, 0], [0, 777]], [[838, 0], [0, 787]], [[865, 0], [0, 760]], [[861, 0], [0, 764]], [[828, 0], [0, 797]], [[842, 0], [0, 783]], [[826, 0], [0, 799]], [[850, 0], [0, 775]], [[884, 0], [0, 741]], [[841, 0], [0, 784]], [[841, 0], [0, 784]], [[845, 0], [0, 780]], [[874, 0], [0, 751]], [[840, 0], [0, 785]], [[806, 0], [0, 819]], [[863, 0], [0, 762]], [[841, 0], [0, 784]], [[854, 0], [0, 771]], [[823, 0], [0, 802]], [[837, 0], [0, 788]]], "accuracy": [1.0, 1.0, 1.0, 1.0, 1.0, 1.0, 1.0, 1.0, 1.0, 1.0, 1.0, 1.0, 1.0, 1.0, 1.0, 1.0, 1.0, 1.0, 1.0, 1.0, 1.0, 1.0, 1.0, 1.0, 1.0], "precision": [1.0, 1.0, 1.0, 1.0, 1.0, 1.0, 1.0, 1.0, 1.0, 1.0, 1.0, 1.0, 1.0, 1.0, 1.0, 1.0, 1.0, 1.0, 1.0, 1.0, 1.0, 1.0, 1.0, 1.0, 1.0], "f1_score": [1.0, 1.0, 1.0, 1.0, 1.0, 1.0, 1.0, 1.0, 1.0, 1.0, 1.0, 1.0, 1.0, 1.0, 1.0, 1.0, 1.0, 1.0, 1.0, 1.0, 1.0, 1.0, 1.0, 1.0, 1.0], "statistics": {"confusion_matrix": {"avg": [[845.0, 0.0], [0.0, 780.0]], "std": [[16.519079877523446, 0.0], [0.0, 16.519079877523446]], "max": [[884, 0], [0, 819]], "min": [[806, 0], [0, 741]]}, "accuracy": {"avg": 1.0, "std": 0.0, "max": 1.0, "min": 1.0}, "precision": {"avg": 1.0, "std": 0.0, "max": 1.0, "min": 1.0}, "f1_score": {"avg": 1.0, "std": 0.0, "max": 1.0, "min": 1.0}}}, "log2": {"confusion_matrix": [[[822, 0], [0, 803]], [[829, 0], [0, 796]], [[820, 0], [0, 805]], [[860, 0], [0, 765]], [[836, 0], [0, 789]], [[844, 0], [0, 781]], [[856, 0], [0, 769]], [[836, 0], [0, 789]], [[841, 0], [0, 784]], [[839, 0], [0, 786]], [[842, 0], [0, 783]], [[829, 0], [0, 796]], [[824, 0], [0, 801]], [[826, 0], [0, 799]], [[848, 0], [0, 777]], [[847, 0], [0, 778]], [[848, 0], [0, 777]], [[851, 0], [0, 774]], [[834, 0], [0, 791]], [[836, 0], [0, 789]], [[843, 0], [0, 782]], [[848, 0], [0, 777]], [[819, 0], [0, 806]], [[830, 0], [0, 795]], [[862, 0], [0, 763]]], "accuracy": [1.0, 1.0, 1.0, 1.0, 1.0, 1.0, 1.0, 1.0, 1.0, 1.0, 1.0, 1.0, 1.0, 1.0, 1.0, 1.0, 1.0, 1.0, 1.0, 1.0, 1.0, 1.0, 1.0, 1.0, 1.0], "precision": [1.0, 1.0, 1.0, 1.0, 1.0, 1.0, 1.0, 1.0, 1.0, 1.0, 1.0, 1.0, 1.0, 1.0, 1.0, 1.0, 1.0, 1.0, 1.0, 1.0, 1.0, 1.0, 1.0, 1.0, 1.0], "f1_score": [1.0, 1.0, 1.0, 1.0, 1.0, 1.0, 1.0, 1.0, 1.0, 1.0, 1.0, 1.0, 1.0, 1.0, 1.0, 1.0, 1.0, 1.0, 1.0, 1.0, 1.0, 1.0, 1.0, 1.0, 1.0], "statistics": {"confusion_matrix": {"avg": [[838.8, 0.0], [0.0, 786.2]], "std": [[11.899579824514811, 0.0], [0.0, 11.899579824514811]], "max": [[862, 0], [0, 806]], "min": [[819, 0], [0, 763]]}, "accuracy": {"avg": 1.0, "std": 0.0, "max": 1.0, "min": 1.0}, "precision": {"avg": 1.0, "std": 0.0, "max": 1.0, "min": 1.0}, "f1_score": {"avg": 1.0, "std": 0.0, "max": 1.0, "min": 1.0}}}}, "titanic_set": {"5": {"confusion_matrix": [[[87, 6], [14, 36]], [[89, 4], [17, 33]], [[78, 6], [23, 36]], [[73, 4], [22, 44]], [[79, 7], [23, 34]], [[72, 6], [28, 37]], [[76, 4], [22, 41]], [[77, 13], [12, 41]], [[87, 4], [17, 35]], [[82, 2], [18, 41]], [[79, 4], [23, 37]], [[77, 6], [15, 45]], [[86, 5], [21, 31]], [[85, 4], [23, 31]], [[74, 6], [21, 42]], [[77, 4], [26, 36]], [[76, 7], [19, 41]], [[76, 6], [21, 40]], [[74, 8], [18, 43]], [[89, 5], [14, 35]], [[81, 4], [27, 31]], [[78, 4], [19, 42]], [[78, 7], [18, 40]], [[81, 1], [19, 42]], [[69, 1], [30, 43]]], "accuracy": [0.8601398601398601, 0.8531468531468531, 0.7972027972027972, 0.8181818181818182, 0.7902097902097902, 0.7622377622377622, 0.8181818181818182, 0.8251748251748252, 0.8531468531468531, 0.8601398601398601, 0.8111888111888111, 0.8531468531468531, 0.8181818181818182, 0.8111888111888111, 0.8111888111888111, 0.7902097902097902, 0.8181818181818182, 0.8111888111888111, 0.8181818181818182, 0.8671328671328671, 0.7832167832167832, 0.8391608391608392, 0.8251748251748252, 0.8601398601398601, 0.7832167832167832], "precision": [0.8599024737638599, 0.857898603181622, 0.8072917181828073, 0.8368421052631578, 0.796336614127145, 0.7838477801268499, 0.8352504638218924, 0.8259154495109551, 0.8586829836829837, 0.8750756220523662, 0.8281863999224115, 0.8560039704540984, 0.8246011517039554, 0.8242997742997743, 0.8212642620537357, 0.8136601262814854, 0.8227272727272728, 0.8202160904984751, 0.820894365651399, 0.8678202865096069, 0.805044955044955, 0.8505859895371325, 0.8281412736199971, 0.8811286388030574, 0.8400614536978173], "f1_score": [0.8569426987176875, 0.8469717771398588, 0.7894534151959895, 0.8133414932680538, 0.7820113017681407, 0.7527144100177807, 0.8122233571671773, 0.8255034267669364, 0.8475524475524475, 0.8552513130518244, 0.8031250526300031, 0.850969570969571, 0.8089990817263545, 0.8001399159786202, 0.8065232065232065, 0.7801271618407168, 0.8142095108387243, 0.8058654653966093, 0.8152895954620092, 0.8634499020628036, 0.7693273910890492, 0.8346261371897042, 0.8213296832081363, 0.8549527395681241, 0.7749502305715323], "statistics": {"confusion_matrix": {"avg": [[79.2, 5.12], [20.4, 38.28]], "std": [[5.31413210223457, 2.371834732859775], [4.409081537009721, 4.2191942358701615]], "max": [[89, 13], [30, 45]], "min": [[69, 1], [12, 31]]}, "accuracy": {"avg": 0.8215384615384614, "std": 0.027840249028853112, "max": 0.8671328671328671, "min": 0.7622377622377622}, "precision": {"avg": 0.8336671929807524, "std": 0.024143319641851735, "max": 0.8811286388030574, "min": 0.7838477801268499}, "f1_score": {"avg": 0.8154340114280424, "std": 0.02987994467742738, "max": 0.8634499020628036, "min": 0.7527144100177807}}}, "10": {"confusion_matrix": [[[82, 6], [17, 38]], [[87, 6], [19, 31]], [[74, 6], [23, 40]], [[90, 5], [11, 37]], [[74, 5], [24, 40]], [[72, 12], [23, 36]], [[71, 7], [22, 43]], [[79, 6], [23, 35]], [[77, 3], [23, 40]], [[71, 9], [13, 50]], [[66, 10], [14, 53]], [[77, 10], [16, 40]], [[81, 3], [18, 41]], [[75, 8], [18, 42]], [[73, 7], [23, 40]], [[71, 5], [25, 42]], [[79, 15], [14, 35]], [[80, 4], [22, 37]], [[77, 10], [25, 31]], [[75, 13], [17, 38]], [[74, 12], [23, 34]], [[75, 5], [13, 50]], [[74, 6], [23, 40]], [[85, 7], [19, 32]], [[74, 18], [17, 34]]], "accuracy": [0.8391608391608392, 0.8251748251748252, 0.7972027972027972, 0.8881118881118881, 0.7972027972027972, 0.7552447552447552, 0.7972027972027972, 0.7972027972027972, 0.8181818181818182, 0.8461538461538461, 0.8321678321678322, 0.8181818181818182, 0.8531468531468531, 0.8181818181818182, 0.7902097902097902, 0.7902097902097902, 0.7972027972027972, 0.8181818181818182, 0.7552447552447552, 0.7902097902097902, 0.7552447552447552, 0.8741258741258742, 0.7972027972027972, 0.8181818181818182, 0.7552447552447552], "precision": [0.8418803418803419, 0.8267278361617985, 0.8098848708440819, 0.8876865708548877, 0.8149786721215292, 0.7546374677953626, 0.8073313782991202, 0.806612087099892, 0.8405919661733615, 0.8462159309616937, 0.8326229326229325, 0.8170087976539591, 0.8650667514303879, 0.8205278592375367, 0.8003521301393641, 0.8117529633487081, 0.7982479885705692, 0.8330507369244815, 0.7553701678522339, 0.7882484097317857, 0.7534173580789448, 0.8773045136681501, 0.8098848708440819, 0.8184507799892415, 0.756359025589795], "f1_score": [0.8349558937794231, 0.8178235442141177, 0.7911271851561076, 0.886094857523429, 0.7904124072682618, 0.7501842907262424, 0.7928715068303168, 0.7890089708271527, 0.8111301696207357, 0.8455079506658875, 0.8317374932759548, 0.8160663236134934, 0.8484722344343544, 0.8150826446280992, 0.7844882390336936, 0.7840042454485538, 0.7976847869895999, 0.8106158357771261, 0.7460328903627873, 0.7885824866956943, 0.7495313323739234, 0.8728559576017203, 0.7911271851561076, 0.8116264687693259, 0.7557641573239217], "statistics": {"confusion_matrix": {"avg": [[76.52, 7.92], [19.4, 39.16]], "std": [[5.337564987894762, 3.7085846356797627], [4.156921938165306, 5.511297487887947]], "max": [[90, 18], [25, 53]], "min": [[66, 3], [11, 31]]}, "accuracy": {"avg": 0.8089510489510491, "std": 0.03429968348188943, "max": 0.8881118881118881, "min": 0.7552447552447552}, "precision": {"avg": 0.8149684963149696, "std": 0.03503006312648204, "max": 0.8876865708548877, "min": 0.7534173580789448}, "f1_score": {"avg": 0.8045115623238412, "std": 0.03520645384339094, "max": 0.886094857523429, "min": 0.7460328903627873}}}, "sqrt": {"confusion_matrix": [[[67, 7], [22, 47]], [[77, 13], [16, 37]], [[73, 14], [11, 45]], [[78, 8], [16, 41]], [[77, 13], [11, 42]], [[75, 6], [20, 42]], [[70, 8], [28, 37]], [[77, 7], [18, 41]], [[79, 7], [16, 41]], [[76, 9], [18, 40]], [[85, 7], [10, 41]], [[81, 9], [22, 31]], [[69, 9], [17, 48]], [[68, 11], [19, 45]], [[74, 9], [26, 34]], [[77, 13], [18, 35]], [[85, 6], [11, 41]], [[82, 11], [18, 32]], [[81, 10], [17, 35]], [[77, 10], [16, 40]], [[74, 9], [16, 44]], [[79, 10], [10, 44]], [[82, 8], [12, 41]], [[78, 8], [17, 40]], [[70, 5], [19, 49]]], "accuracy": [0.7972027972027972, 0.7972027972027972, 0.8251748251748252, 0.8321678321678322, 0.8321678321678322, 0.8181818181818182, 0.7482517482517482, 0.8251748251748252, 0.8391608391608392, 0.8111888111888111, 0.8811188811188811, 0.7832167832167832, 0.8181818181818182, 0.7902097902097902, 0.7552447552447552, 0.7832167832167832, 0.8811188811188811, 0.7972027972027972, 0.8111888111888111, 0.8181818181818182, 0.8251748251748252, 0.8601398601398601, 0.8601398601398601, 0.8251748251748252, 0.8321678321678322], "precision": [0.8095344106580062, 0.7953575456801263, 0.8274056452022553, 0.8325565012495103, 0.8337253655435474, 0.8265550239234449, 0.7633477633477633, 0.8285317752423015, 0.8405824438719175, 0.8116807204953101, 0.8802677585572322, 0.7821797134903931, 0.8204072549237789, 0.7914384466108605, 0.7612717515043097, 0.7803720402404613, 0.8806616698903933, 0.7934916246544154, 0.8088023088023089, 0.8170087976539591, 0.8255647916025274, 0.8601398601398601, 0.8591438956180597, 0.8259477364740523, 0.8440032709695632], "f1_score": [0.794168273743315, 0.7959117120345832, 0.8259215993769768, 0.8295641465452787, 0.8327789563744619, 0.8138429752066115, 0.7396694214876033, 0.8215602076616018, 0.8362664959350042, 0.8079948037134901, 0.8802712439076075, 0.7753662572315422, 0.8166551561193703, 0.7882719689948606, 0.7464149198989244, 0.7807803649387808, 0.8797061524334251, 0.7932483138901324, 0.8078725398313028, 0.8160663236134934, 0.823296811633811, 0.8601398601398601, 0.8589177233678512, 0.8220287999293524, 0.8297016857592627], "statistics": {"confusion_matrix": {"avg": [[76.44, 9.08], [16.96, 40.52]], "std": [[4.875079486531475, 2.348105619430268], [4.512028368705144, 4.614065452504981]], "max": [[85, 14], [28, 49]], "min": [[67, 5], [10, 31]]}, "accuracy": {"avg": 0.8179020979020979, "std": 0.03234853471451142, "max": 0.8811188811188811, "min": 0.7482517482517482}, "precision": {"avg": 0.8199991246538542, "std": 0.031071829315421646, "max": 0.8806616698903933, "min": 0.7612717515043097}, "f1_score": {"avg": 0.81505666855074, "std": 0.03411864268242968, "max": 0.8802712439076075, "min": 0.7396694214876033}}}, "log2": {"confusion_matrix": [[[78, 5], [15, 45]], [[75, 9], [23, 36]], [[74, 6], [20, 43]], [[75, 13], [23, 32]], [[75, 10], [27, 31]], [[87, 11], [10, 35]], [[74, 6], [23, 40]], [[83, 6], [17, 37]], [[72, 5], [27, 39]], [[84, 5], [21, 33]], [[80, 3], [23, 37]], [[81, 9], [19, 34]], [[75, 6], [28, 34]], [[81, 4], [22, 36]], [[85, 8], [15, 35]], [[82, 6], [12, 43]], [[78, 3], [20, 42]], [[75, 13], [18, 37]], [[84, 1], [19, 39]], [[77, 11], [18, 37]], [[80, 10], [15, 38]], [[74, 10], [22, 37]], [[75, 9], [16, 43]], [[73, 7], [21, 42]], [[75, 5], [20, 43]]], "accuracy": [0.8601398601398601, 0.7762237762237763, 0.8181818181818182, 0.7482517482517482, 0.7412587412587412, 0.8531468531468531, 0.7972027972027972, 0.8391608391608392, 0.7762237762237763, 0.8181818181818182, 0.8181818181818182, 0.8041958041958042, 0.7622377622377622, 0.8181818181818182, 0.8391608391608392, 0.8741258741258742, 0.8391608391608392, 0.7832167832167832, 0.8601398601398601, 0.7972027972027972, 0.8251748251748252, 0.7762237762237763, 0.8251748251748252, 0.8041958041958042, 0.8251748251748252], "precision": [0.8644258966839612, 0.7796203796203796, 0.8270240397899973, 0.7444618873190302, 0.7437318778782194, 0.8540981653935487, 0.8098848708440819, 0.8415043096438444, 0.8006993006993007, 0.8258373205741628, 0.8389232127096204, 0.8028459912180842, 0.7809830945753276, 0.8324801412180053, 0.8373963246056269, 0.8743445004843181, 0.8554968840683126, 0.780893300248139, 0.8802125059406612, 0.7952597840755736, 0.823411237884922, 0.7776000595149531, 0.8253093060785368, 0.8120815354857908, 0.8363314317261686], "f1_score": [0.8577558804831532, 0.7697686928456159, 0.8141327063740856, 0.7424317617866005, 0.7308045489863673, 0.8535771920387306, 0.7911271851561076, 0.8347215976081955, 0.7678321678321679, 0.8098691984841693, 0.8097751710654938, 0.7991504109925163, 0.750810783419479, 0.8101882919512099, 0.8360245248094152, 0.8725697379543533, 0.8340215102602196, 0.7810495213810132, 0.853990993808623, 0.7941902651436314, 0.8232099717248232, 0.7710164049786692, 0.823158823158823, 0.7998352222490153, 0.8208548208548209], "statistics": {"confusion_matrix": {"avg": [[78.08, 7.24], [19.76, 37.92]], "std": [[4.203998097049998, 3.1019993552546077], [4.384335753566325, 3.793889824441401]], "max": [[87, 13], [28, 45]], "min": [[72, 1], [10, 31]]}, "accuracy": {"avg": 0.8111888111888113, "std": 0.03454290639224747, "max": 0.8741258741258742, "min": 0.7412587412587412}, "precision": {"avg": 0.8177942943312227, "std": 0.035759812951186465, "max": 0.8802125059406612, "min": 0.7437318778782194}, "f1_score": {"avg": 0.806074695413892, "std": 0.03628507162497583, "max": 0.8725697379543533, "min": 0.7308045489863673}}}}, "students_set": {"5": {"confusion_matrix": [[[218, 24, 51], [35, 55, 70], [11, 25, 396]], [[210, 22, 39], [35, 58, 75], [10, 24, 412]], [[210, 26, 43], [38, 61, 67], [11, 13, 416]], [[217, 30, 34], [31, 63, 67], [15, 18, 410]], [[225, 22, 50], [30, 51, 61], [9, 29, 408]], [[232, 20, 43], [33, 58, 80], [8, 18, 393]], [[202, 19, 44], [45, 57, 64], [11, 15, 428]], [[222, 25, 44], [38, 73, 55], [10, 14, 404]], [[219, 18, 45], [38, 66, 60], [12, 23, 404]], [[209, 24, 42], [40, 55, 60], [6, 21, 428]], [[213, 23, 39], [33, 61, 66], [13, 12, 425]], [[235, 16, 31], [38, 64, 54], [14, 18, 415]], [[230, 21, 41], [38, 53, 59], [14, 18, 411]], [[238, 26, 39], [35, 58, 51], [12, 24, 402]], [[216, 21, 39], [36, 64, 70], [10, 27, 402]], [[222, 33, 34], [27, 60, 63], [11, 26, 409]], [[225, 24, 55], [30, 49, 45], [9, 22, 426]], [[202, 26, 38], [39, 47, 68], [15, 19, 431]], [[222, 26, 44], [42, 64, 47], [11, 27, 402]], [[214, 21, 40], [40, 64, 63], [12, 16, 415]], [[209, 21, 37], [35, 56, 62], [23, 19, 423]], [[224, 21, 54], [46, 62, 63], [7, 16, 392]], [[222, 21, 37], [36, 51, 61], [20, 26, 411]], [[224, 21, 50], [31, 59, 53], [8, 31, 408]], [[229, 27, 48], [28, 61, 71], [7, 15, 399]]], "accuracy": [0.7559322033898305, 0.768361581920904, 0.7762711864406779, 0.7796610169491526, 0.7728813559322034, 0.7717514124293785, 0.7762711864406779, 0.7898305084745763, 0.7785310734463277, 0.7819209039548023, 0.7898305084745763, 0.8067796610169492, 0.784180790960452, 0.7887005649717514, 0.7706214689265537, 0.7807909604519774, 0.7909604519774012, 0.768361581920904, 0.7774011299435029, 0.7830508474576271, 0.7774011299435029, 0.7661016949152543, 0.7728813559322034, 0.7807909604519774, 0.7785310734463277], "precision": [0.7428881032018428, 0.7527764760704725, 0.7632327763737186, 0.7668592118830962, 0.7624154991672382, 0.7605995070273746, 0.7615604860935166, 0.7810446628809334, 0.7674379663421595, 0.7661877052281312, 0.7781627394675044, 0.7952468636896677, 0.7693517655949786, 0.7776756622160335, 0.7571106928885939, 0.7716313749683207, 0.7832391802826946, 0.7477704277359001, 0.7663264469111756, 0.7705937978475758, 0.7627800506526398, 0.7553543451987261, 0.7566432974968103, 0.7730666187067076, 0.7714554068182504], "f1_score": [0.7418619681200866, 0.7526840977430205, 0.7603467040771844, 0.7678380912468742, 0.7624087018651852, 0.7542451156268544, 0.758064823821266, 0.7784682109650085, 0.7663476433192109, 0.7674132260605195, 0.7750713501930957, 0.7947154464379258, 0.7699591531024648, 0.7799203311723815, 0.7574198530962593, 0.7727276420035912, 0.7824082656737014, 0.7511245201986567, 0.7687609097487929, 0.7682860232882308, 0.7642832832540817, 0.7493899446441818, 0.7604941570404331, 0.7729064000380312, 0.7651186898153738], "statistics": {"confusion_matrix": {"avg": [[219.56, 23.12, 42.44], [35.88, 58.8, 62.2], [11.56, 20.64, 410.8]], "std": [[9.321287464722886, 3.6695503811775083, 6.106259083923641], [4.760840261970569, 5.789645930452052, 8.143709228600933], [3.795576372568467, 5.222106854517629, 10.987265355856296]], "max": [[238, 33, 55], [46, 73, 80], [23, 31, 431]], "min": [[202, 16, 31], [27, 47, 45], [6, 12, 392]]}, "accuracy": {"avg": 0.7787118644067796, "std": 0.009885191116785052, "max": 0.8067796610169492, "min": 0.7559322033898305}, "precision": {"avg": 0.7664564425897624, "std": 0.011323667738580425, "max": 0.7952468636896677, "min": 0.7428881032018428}, "f1_score": {"avg": 0.7656905821020965, "std": 0.011420517816866316, "max": 0.7947154464379258, "min": 0.7418619681200866}}}, "10": {"confusion_matrix": [[[219, 17, 49], [28, 65, 64], [12, 27, 404]], [[224, 26, 34], [36, 51, 62], [19, 19, 414]], [[206, 27, 43], [44, 65, 57], [11, 22, 410]], [[236, 20, 37], [27, 70, 64], [16, 24, 391]], [[197, 24, 53], [34, 78, 63], [8, 21, 407]], [[202, 27, 30], [48, 62, 63], [15, 19, 419]], [[213, 32, 41], [49, 58, 63], [7, 28, 394]], [[233, 20, 45], [38, 56, 71], [15, 30, 377]], [[227, 31, 47], [29, 58, 49], [12, 22, 410]], [[226, 24, 37], [39, 51, 63], [15, 18, 412]], [[207, 27, 40], [48, 72, 65], [11, 23, 392]], [[222, 32, 43], [28, 78, 57], [10, 20, 395]], [[205, 18, 37], [33, 55, 65], [15, 23, 434]], [[240, 29, 39], [34, 58, 56], [19, 25, 385]], [[223, 28, 34], [35, 52, 65], [9, 18, 421]], [[207, 42, 37], [31, 79, 58], [9, 26, 396]], [[226, 20, 29], [40, 59, 67], [9, 23, 412]], [[219, 22, 39], [33, 61, 56], [22, 23, 410]], [[224, 33, 34], [37, 56, 43], [16, 27, 415]], [[223, 30, 36], [30, 66, 75], [4, 25, 396]], [[214, 39, 39], [31, 50, 60], [15, 22, 415]], [[208, 32, 39], [27, 59, 68], [10, 18, 424]], [[207, 22, 39], [36, 58, 61], [12, 33, 417]], [[222, 36, 48], [33, 64, 60], [7, 22, 393]], [[201, 23, 43], [39, 58, 57], [14, 23, 427]]], "accuracy": [0.7774011299435029, 0.7785310734463277, 0.7694915254237288, 0.7875706214689265, 0.7706214689265537, 0.7717514124293785, 0.751412429378531, 0.752542372881356, 0.7853107344632768, 0.7785310734463277, 0.7581920903954802, 0.7853107344632768, 0.784180790960452, 0.7717514124293785, 0.7864406779661017, 0.7706214689265537, 0.7875706214689265, 0.7796610169491526, 0.7853107344632768, 0.7740112994350282, 0.7672316384180791, 0.7807909604519774, 0.7706214689265537, 0.7672316384180791, 0.7751412429378531], "precision": [0.7692457519022329, 0.7616816203123009, 0.7555089922810717, 0.7787845206250783, 0.7639789257105598, 0.7541898607730558, 0.7338191267015436, 0.7374597937287228, 0.7787180351996287, 0.7611741958264989, 0.7439614596368666, 0.7802640924674822, 0.768934792357633, 0.7604783012007371, 0.7699372445167804, 0.7656258600175055, 0.7707503909967385, 0.7678218257050811, 0.7766074692250445, 0.7638326858300579, 0.7556989935516613, 0.7696521186477033, 0.7567782612120959, 0.7600825294978044, 0.7605948883191578], "f1_score": [0.7672932976342486, 0.7650412394430732, 0.757063112556045, 0.7784170886009033, 0.7594671726284752, 0.7563966591312188, 0.737479870853246, 0.7386734477278277, 0.7782717415485466, 0.7631467149456123, 0.744280299223158, 0.777940670370427, 0.7704317252490319, 0.763186582829037, 0.7719657508967888, 0.7645682972363382, 0.7721944330476941, 0.7700588129814327, 0.779788632345831, 0.7621805256676525, 0.7578786071048413, 0.7689445881180542, 0.7602349168748507, 0.7577274619728358, 0.7628365620270762], "statistics": {"confusion_matrix": {"avg": [[217.24, 27.24, 39.68], [35.48, 61.56, 61.28], [12.48, 23.24, 406.8]], "std": [[11.289924711883604, 6.332645576692256, 5.654874003901413], [6.369426975796174, 8.256294568388412, 6.446828677729849], [4.196379391809086, 3.723224409030431, 13.763720427268204]], "max": [[240, 42, 53], [49, 79, 75], [22, 33, 434]], "min": [[197, 17, 29], [27, 50, 43], [4, 18, 377]]}, "accuracy": {"avg": 0.7746892655367232, "std": 0.010015150194874733, "max": 0.7875706214689265, "min": 0.751412429378531}, "precision": {"avg": 0.7626232694497217, "std": 0.011579483781553277, "max": 0.7802640924674822, "min": 0.7338191267015436}, "f1_score": {"avg": 0.7634187284405698, "std": 0.011043972363196276, "max": 0.779788632345831, "min": 0.737479870853246}}}, "sqrt": {"confusion_matrix": [[[212, 21, 35], [32, 56, 73], [13, 15, 428]], [[206, 21, 50], [42, 68, 71], [10, 23, 394]], [[225, 19, 38], [44, 55, 64], [15, 19, 406]], [[221, 27, 40], [36, 62, 59], [14, 19, 407]], [[227, 33, 40], [22, 66, 52], [14, 20, 411]], [[228, 29, 43], [24, 56, 59], [11, 16, 419]], [[236, 15, 53], [37, 54, 62], [16, 17, 395]], [[232, 32, 39], [35, 62, 72], [11, 19, 383]], [[223, 21, 45], [41, 54, 72], [12, 21, 396]], [[237, 24, 46], [39, 47, 75], [10, 20, 387]], [[222, 20, 40], [36, 56, 70], [13, 19, 409]], [[204, 20, 46], [39, 50, 70], [13, 18, 425]], [[217, 27, 43], [48, 64, 64], [14, 22, 386]], [[234, 24, 49], [32, 60, 53], [11, 22, 400]], [[205, 25, 43], [35, 62, 77], [9, 14, 415]], [[212, 28, 43], [38, 62, 62], [7, 25, 408]], [[214, 16, 55], [45, 50, 71], [11, 14, 409]], [[234, 23, 39], [24, 71, 60], [9, 20, 405]], [[231, 34, 44], [26, 54, 59], [20, 18, 399]], [[223, 27, 34], [29, 60, 59], [9, 20, 424]], [[240, 17, 48], [44, 48, 57], [8, 19, 404]], [[238, 20, 29], [34, 55, 68], [9, 21, 411]], [[201, 24, 45], [29, 56, 77], [14, 13, 426]], [[236, 32, 36], [28, 41, 70], [9, 24, 409]], [[214, 31, 48], [27, 71, 62], [13, 25, 394]]], "accuracy": [0.7864406779661017, 0.7548022598870057, 0.7751412429378531, 0.7796610169491526, 0.7954802259887006, 0.7943502824858757, 0.7740112994350282, 0.7649717514124293, 0.7604519774011299, 0.7581920903954802, 0.7762711864406779, 0.7672316384180791, 0.7536723163841808, 0.784180790960452, 0.7706214689265537, 0.7706214689265537, 0.7604519774011299, 0.8022598870056498, 0.7728813559322034, 0.7988700564971751, 0.7819209039548023, 0.7954802259887006, 0.7717514124293785, 0.7751412429378531, 0.7672316384180791], "precision": [0.7719698677357785, 0.7432080541625489, 0.7587196448894902, 0.7671255838899174, 0.7911760112326055, 0.7862470665555249, 0.763626099964281, 0.752304381839132, 0.7441796812714665, 0.7403741705156358, 0.7616244054918878, 0.7499691157162021, 0.7382072027793697, 0.7756365562775672, 0.7585626290152446, 0.7578848832991406, 0.7473737907081801, 0.796272110798166, 0.7636541183263146, 0.7877452742775426, 0.7660092225205078, 0.7794611008893658, 0.759453169401306, 0.7599732823012079, 0.7616060704276372], "f1_score": [0.7697158226015525, 0.7395737239236144, 0.7583295442116024, 0.7681239913432147, 0.789970708000137, 0.7845799617984934, 0.7588438467095178, 0.7515151140165348, 0.742821263625492, 0.7394079553586799, 0.7602077796504029, 0.7486648885050783, 0.7390585111122112, 0.774942983650861, 0.7531202530548448, 0.7587281100324645, 0.7385682617230591, 0.7939558945867836, 0.7641446277424132, 0.7887941358936527, 0.7650771574439111, 0.7805176205873258, 0.7546787411547994, 0.7624603945283521, 0.7594506671312549], "statistics": {"confusion_matrix": {"avg": [[222.88, 24.4, 42.84], [34.64, 57.6, 65.52], [11.8, 19.32, 406.0]], "std": [[11.63209353469959, 5.359104402789706, 5.930800957712204], [7.0873408271367895, 7.28285658241325, 7.139299685543393], [2.870540018881465, 3.2089873792210533, 12.312595177297109]], "max": [[240, 34, 55], [48, 71, 77], [20, 25, 428]], "min": [[201, 15, 29], [22, 41, 52], [7, 13, 383]]}, "accuracy": {"avg": 0.775683615819209, "std": 0.013631146868806902, "max": 0.8022598870056498, "min": 0.7536723163841808}, "precision": {"avg": 0.7632945397714407, "std": 0.015595100529846117, "max": 0.796272110798166, "min": 0.7382072027793697}, "f1_score": {"avg": 0.7618100783354501, "std": 0.01621448511917293, "max": 0.7939558945867836, "min": 0.7385682617230591}}}, "log2": {"confusion_matrix": [[[216, 25, 38], [40, 51, 60], [16, 22, 417]], [[212, 28, 41], [32, 66, 68], [7, 22, 409]], [[228, 22, 40], [39, 50, 77], [10, 17, 402]], [[210, 23, 34], [43, 55, 71], [15, 20, 414]], [[216, 16, 36], [36, 58, 55], [21, 14, 433]], [[227, 18, 42], [43, 51, 67], [17, 18, 402]], [[223, 12, 54], [48, 58, 58], [13, 18, 401]], [[214, 19, 48], [43, 49, 53], [18, 17, 424]], [[200, 22, 54], [34, 56, 60], [9, 14, 436]], [[224, 24, 39], [28, 58, 57], [10, 21, 424]], [[217, 25, 33], [41, 66, 67], [14, 15, 407]], [[206, 21, 43], [42, 63, 66], [15, 14, 415]], [[202, 18, 35], [49, 55, 64], [12, 19, 431]], [[213, 19, 35], [38, 54, 71], [16, 12, 427]], [[199, 20, 48], [47, 48, 69], [14, 17, 423]], [[226, 21, 45], [43, 52, 72], [5, 18, 403]], [[209, 22, 42], [38, 74, 61], [14, 18, 407]], [[208, 14, 38], [40, 55, 65], [14, 19, 432]], [[219, 18, 44], [46, 53, 71], [10, 28, 396]], [[221, 18, 53], [36, 53, 76], [7, 21, 400]], [[222, 27, 50], [49, 49, 63], [16, 21, 388]], [[200, 20, 43], [34, 58, 71], [13, 23, 423]], [[200, 28, 43], [35, 61, 66], [23, 20, 409]], [[217, 22, 38], [49, 50, 70], [13, 17, 409]], [[212, 30, 35], [35, 55, 56], [18, 21, 423]]], "accuracy": [0.7728813559322034, 0.7762711864406779, 0.768361581920904, 0.7672316384180791, 0.7988700564971751, 0.768361581920904, 0.7706214689265537, 0.7762711864406779, 0.7819209039548023, 0.7977401129943503, 0.7796610169491526, 0.7728813559322034, 0.7774011299435029, 0.784180790960452, 0.7570621468926554, 0.7694915254237288, 0.7796610169491526, 0.7853107344632768, 0.7548022598870057, 0.7615819209039548, 0.7446327683615819, 0.7694915254237288, 0.7570621468926554, 0.7638418079096045, 0.7796610169491526], "precision": [0.7554326914244388, 0.7656733312026808, 0.7505624918849298, 0.7482770693750741, 0.7875408952973967, 0.7515977922677523, 0.7601143231132802, 0.7604005300116965, 0.77099057608482, 0.7874557261538835, 0.7658044630142669, 0.7605115056909124, 0.7593132008012806, 0.7695651257609286, 0.7374042828778622, 0.753022922889309, 0.7697702335622695, 0.7704958748638155, 0.735725480171266, 0.7492917868570683, 0.7251455858070504, 0.7549356894926116, 0.7430803398040581, 0.7431438062572153, 0.7656055849288881], "f1_score": [0.7591024959176849, 0.7643288965593508, 0.7482045146679934, 0.7494857946569292, 0.7858626197884387, 0.7500994294915716, 0.7537474957050784, 0.761189759122479, 0.7670238977614665, 0.7879825897638434, 0.7644915356490102, 0.7565023440841793, 0.7586586182130195, 0.765280615425935, 0.7359034959397603, 0.7496731199393285, 0.7677505372367561, 0.7682833978187383, 0.736819763016378, 0.7434674746923045, 0.7275216061066774, 0.7545414868938275, 0.7446507990473906, 0.7427717599349092, 0.7693638422842106], "statistics": {"confusion_matrix": {"avg": [[213.64, 21.28, 42.04], [40.32, 55.92, 65.36], [13.6, 18.64, 414.2]], "std": [[8.849316357775892, 4.303672850020084, 6.167527867792736], [5.6619431293505595, 6.13136200203511, 6.399249956049537], [4.1952353926806065, 3.4044676529525137, 12.690153663372245]], "max": [[228, 30, 54], [49, 74, 77], [23, 28, 436]], "min": [[199, 12, 33], [28, 48, 53], [5, 12, 388]]}, "accuracy": {"avg": 0.7726101694915255, "std": 0.01228381117491929, "max": 0.7988700564971751, "min": 0.7446327683615819}, "precision": {"avg": 0.7576344523837902, "std": 0.014533457121776307, "max": 0.7875408952973967, "min": 0.7251455858070504}, "f1_score": {"avg": 0.7565083155886905, "std": 0.014138798668628645, "max": 0.7879825897638434, "min": 0.7275216061066774}}}}, "hyperparams": {"25": 25, "B": 100, "T": 10, "test_size": 0.2}}