{
  "mushrooms_set": {
    "coverage": {
      "confusion_matrix": [
        [
          [
            832,
            5
          ],
          [
            28,
            760
          ]
        ],
        [
          [
            829,
            0
          ],
          [
            143,
            653
          ]
        ],
        [
          [
            831,
            10
          ],
          [
            40,
            744
          ]
        ],
        [
          [
            823,
            1
          ],
          [
            83,
            718
          ]
        ],
        [
          [
            836,
            7
          ],
          [
            13,
            769
          ]
        ],
        [
          [
            836,
            0
          ],
          [
            129,
            660
          ]
        ],
        [
          [
            832,
            6
          ],
          [
            30,
            757
          ]
        ],
        [
          [
            853,
            0
          ],
          [
            28,
            744
          ]
        ],
        [
          [
            832,
            12
          ],
          [
            43,
            738
          ]
        ],
        [
          [
            843,
            5
          ],
          [
            123,
            654
          ]
        ],
        [
          [
            822,
            6
          ],
          [
            100,
            697
          ]
        ],
        [
          [
            833,
            1
          ],
          [
            36,
            755
          ]
        ],
        [
          [
            834,
            0
          ],
          [
            114,
            677
          ]
        ],
        [
          [
            858,
            4
          ],
          [
            30,
            733
          ]
        ],
        [
          [
            840,
            0
          ],
          [
            45,
            740
          ]
        ],
        [
          [
            820,
            0
          ],
          [
            144,
            661
          ]
        ],
        [
          [
            862,
            1
          ],
          [
            95,
            667
          ]
        ],
        [
          [
            821,
            5
          ],
          [
            42,
            757
          ]
        ],
        [
          [
            850,
            0
          ],
          [
            117,
            658
          ]
        ],
        [
          [
            867,
            7
          ],
          [
            93,
            658
          ]
        ],
        [
          [
            840,
            0
          ],
          [
            46,
            739
          ]
        ],
        [
          [
            823,
            6
          ],
          [
            47,
            749
          ]
        ],
        [
          [
            830,
            0
          ],
          [
            55,
            740
          ]
        ],
        [
          [
            842,
            2
          ],
          [
            51,
            730
          ]
        ],
        [
          [
            851,
            0
          ],
          [
            56,
            718
          ]
        ]
      ],
      "accuracy": [
        0.9796923076923076,
        0.912,
        0.9692307692307692,
        0.9483076923076923,
        0.9876923076923076,
        0.9206153846153846,
        0.9778461538461538,
        0.9827692307692307,
        0.9661538461538461,
        0.9212307692307692,
        0.9347692307692308,
        0.9772307692307692,
        0.9298461538461539,
        0.9790769230769231,
        0.9723076923076923,
        0.9113846153846153,
        0.940923076923077,
        0.9710769230769231,
        0.928,
        0.9384615384615385,
        0.9716923076923077,
        0.9673846153846154,
        0.9661538461538461,
        0.9673846153846154,
        0.9655384615384616
      ],
      "precision": [
        0.9800606217919487,
        0.9249465020576131,
        0.969833753087247,
        0.9528603655338174,
        0.9877155378954949,
        0.9312274212833798,
        0.9782440234577572,
        0.9833168602112984,
        0.9667861098901099,
        0.9299258761954546,
        0.9405495088034191,
        0.9780945514869566,
        0.9382823758519961,
        0.9795306250828639,
        0.9737157757496742,
        0.9246217682732205,
        0.9465787845577232,
        0.9720356388288615,
        0.9367114788004136,
        0.9430313765182186,
        0.9731620072929328,
        0.96854714751641,
        0.9682572794437201,
        0.969024339981181,
        0.9676661860741244
      ],
      "f1_score": [
        0.9796795471947434,
        0.9111513096205658,
        0.9692002694266224,
        0.9481384381362478,
        0.9876904308193741,
        0.9199247368280031,
        0.9778310202890089,
        0.982749225661205,
        0.9661163706220661,
        0.9205563830020962,
        0.9344772454212453,
        0.977207174987977,
        0.9293661748484636,
        0.9790510183150183,
        0.9722603212895444,
        0.9106088329842299,
        0.9405070006916161,
        0.9710509457991636,
        0.9273788185628405,
        0.9380356177225112,
        0.9716423090843033,
        0.9673470633991591,
        0.9660902044176658,
        0.967316507426463,
        0.9654406057240378
      ],
      "statistics": {
        "confusion_matrix": {
          "avg": [
            [
              837.6,
              3.12
            ],
            [
              69.24,
              715.04
            ]
          ],
          "std": [
            [
              12.759310326189263,
              3.490787876683428
            ],
            [
              39.75251438588508,
              39.952451739536585
            ]
          ],
          "max": [
            [
              867,
              12
            ],
            [
              144,
              769
            ]
          ],
          "min": [
            [
              820,
              0
            ],
            [
              13,
              653
            ]
          ]
        },
        "accuracy": {
          "avg": 0.9554707692307691,
          "std": 0.023754726169430262,
          "max": 0.9876923076923076,
          "min": 0.9113846153846153
        },
        "precision": {
          "avg": 0.9593890366266336,
          "std": 0.019800094967628894,
          "max": 0.9877155378954949,
          "min": 0.9246217682732205
        },
        "f1_score": {
          "avg": 0.9552327028909668,
          "std": 0.024024325057970416,
          "max": 0.9876904308193741,
          "min": 0.9106088329842299
        }
      }
    },
    "accuracy": {
      "confusion_matrix": [
        [
          [
            874,
            1
          ],
          [
            47,
            703
          ]
        ],
        [
          [
            818,
            5
          ],
          [
            69,
            733
          ]
        ],
        [
          [
            820,
            4
          ],
          [
            31,
            770
          ]
        ],
        [
          [
            843,
            1
          ],
          [
            43,
            738
          ]
        ],
        [
          [
            853,
            2
          ],
          [
            18,
            752
          ]
        ],
        [
          [
            825,
            14
          ],
          [
            37,
            749
          ]
        ],
        [
          [
            845,
            3
          ],
          [
            60,
            717
          ]
        ],
        [
          [
            852,
            14
          ],
          [
            18,
            741
          ]
        ],
        [
          [
            834,
            9
          ],
          [
            34,
            748
          ]
        ],
        [
          [
            823,
            8
          ],
          [
            17,
            777
          ]
        ],
        [
          [
            844,
            0
          ],
          [
            77,
            704
          ]
        ],
        [
          [
            842,
            0
          ],
          [
            47,
            736
          ]
        ],
        [
          [
            841,
            9
          ],
          [
            43,
            732
          ]
        ],
        [
          [
            835,
            3
          ],
          [
            23,
            764
          ]
        ],
        [
          [
            859,
            0
          ],
          [
            16,
            750
          ]
        ],
        [
          [
            824,
            1
          ],
          [
            57,
            743
          ]
        ],
        [
          [
            837,
            3
          ],
          [
            37,
            748
          ]
        ],
        [
          [
            833,
            2
          ],
          [
            109,
            681
          ]
        ],
        [
          [
            833,
            19
          ],
          [
            40,
            733
          ]
        ],
        [
          [
            841,
            0
          ],
          [
            71,
            713
          ]
        ],
        [
          [
            865,
            12
          ],
          [
            31,
            717
          ]
        ],
        [
          [
            868,
            0
          ],
          [
            19,
            738
          ]
        ],
        [
          [
            786,
            0
          ],
          [
            122,
            717
          ]
        ],
        [
          [
            837,
            0
          ],
          [
            71,
            717
          ]
        ],
        [
          [
            837,
            9
          ],
          [
            28,
            751
          ]
        ]
      ],
      "accuracy": [
        0.9704615384615385,
        0.9544615384615385,
        0.9784615384615385,
        0.9729230769230769,
        0.9876923076923076,
        0.9686153846153847,
        0.9612307692307692,
        0.9803076923076923,
        0.9735384615384616,
        0.9846153846153847,
        0.9526153846153846,
        0.9710769230769231,
        0.968,
        0.984,
        0.9901538461538462,
        0.9643076923076923,
        0.9753846153846154,
        0.9316923076923077,
        0.9636923076923077,
        0.9563076923076923,
        0.9735384615384616,
        0.9883076923076923,
        0.924923076923077,
        0.9563076923076923,
        0.9772307692307692
      ],
      "precision": [
        0.9718659123178667,
        0.9572584462432951,
        0.9789809316199609,
        0.9741424868670582,
        0.9878696702165565,
        0.9689632126956889,
        0.9634101572460688,
        0.9803129762678517,
        0.9739581764806974,
        0.9846710296073352,
        0.9565769648375512,
        0.9726060396296617,
        0.9687636250389287,
        0.9842817868789184,
        0.9903338901098903,
        0.966491007192556,
        0.9761867940674535,
        0.9391186341301513,
        0.9639579164346657,
        0.9597091767881242,
        0.9737505285352507,
        0.988558147602116,
        0.9350105049135885,
        0.9597241613012538,
        0.9774707870164518
      ],
      "f1_score": [
        0.970372562830815,
        0.954367466451677,
        0.9784505166475317,
        0.9728776672673235,
        0.9876847464661445,
        0.9685945635711075,
        0.9611229817570988,
        0.9803043656816189,
        0.9735168560086377,
        0.9846129706646384,
        0.9524204966788536,
        0.9710221214598056,
        0.9679548864400641,
        0.9839913795196813,
        0.9901473138736745,
        0.9642462282325247,
        0.9753563227418245,
        0.9312678769780203,
        0.9636633236471298,
        0.9561563816268869,
        0.9735100469627379,
        0.9882966850565513,
        0.9246833082785407,
        0.9561659457088524,
        0.9772166402191729
      ],
      "statistics": {
        "confusion_matrix": {
          "avg": [
            [
              838.76,
              4.76
            ],
            [
              46.6,
              734.88
            ]
          ],
          "std": [
            [
              17.90258081953549,
              5.35372767331324
            ],
            [
              27.2,
              21.86379655960968
            ]
          ],
          "max": [
            [
              874,
              19
            ],
            [
              122,
              777
            ]
          ],
          "min": [
            [
              786,
              0
            ],
            [
              16,
              681
            ]
          ]
        },
        "accuracy": {
          "avg": 0.9683938461538462,
          "std": 0.015832381169335337,
          "max": 0.9901538461538462,
          "min": 0.924923076923077
        },
        "precision": {
          "avg": 0.9701589185615574,
          "std": 0.013654064117393882,
          "max": 0.9903338901098903,
          "min": 0.9350105049135885
        },
        "f1_score": {
          "avg": 0.9683201461908365,
          "std": 0.01591620293428074,
          "max": 0.9901473138736745,
          "min": 0.9246833082785407
        }
      }
    },
    "class_dominance": {
      "confusion_matrix": [
        [
          [
            763,
            23
          ],
          [
            47,
            792
          ]
        ],
        [
          [
            845,
            0
          ],
          [
            54,
            726
          ]
        ],
        [
          [
            861,
            2
          ],
          [
            41,
            721
          ]
        ],
        [
          [
            800,
            9
          ],
          [
            30,
            786
          ]
        ],
        [
          [
            867,
            0
          ],
          [
            62,
            696
          ]
        ],
        [
          [
            814,
            8
          ],
          [
            16,
            787
          ]
        ],
        [
          [
            831,
            0
          ],
          [
            39,
            755
          ]
        ],
        [
          [
            823,
            12
          ],
          [
            21,
            769
          ]
        ],
        [
          [
            871,
            11
          ],
          [
            21,
            722
          ]
        ],
        [
          [
            854,
            0
          ],
          [
            23,
            748
          ]
        ],
        [
          [
            824,
            7
          ],
          [
            50,
            744
          ]
        ],
        [
          [
            823,
            1
          ],
          [
            59,
            742
          ]
        ],
        [
          [
            834,
            1
          ],
          [
            76,
            714
          ]
        ],
        [
          [
            839,
            7
          ],
          [
            88,
            691
          ]
        ],
        [
          [
            839,
            7
          ],
          [
            18,
            761
          ]
        ],
        [
          [
            842,
            2
          ],
          [
            33,
            748
          ]
        ],
        [
          [
            837,
            12
          ],
          [
            31,
            745
          ]
        ],
        [
          [
            842,
            2
          ],
          [
            20,
            761
          ]
        ],
        [
          [
            816,
            1
          ],
          [
            33,
            775
          ]
        ],
        [
          [
            831,
            0
          ],
          [
            18,
            776
          ]
        ],
        [
          [
            822,
            1
          ],
          [
            38,
            764
          ]
        ],
        [
          [
            837,
            4
          ],
          [
            80,
            704
          ]
        ],
        [
          [
            857,
            5
          ],
          [
            43,
            720
          ]
        ],
        [
          [
            861,
            3
          ],
          [
            34,
            727
          ]
        ],
        [
          [
            870,
            12
          ],
          [
            53,
            690
          ]
        ]
      ],
      "accuracy": [
        0.9569230769230769,
        0.9667692307692307,
        0.9735384615384616,
        0.976,
        0.9618461538461538,
        0.9852307692307692,
        0.976,
        0.9796923076923076,
        0.9803076923076923,
        0.9858461538461538,
        0.9649230769230769,
        0.963076923076923,
        0.9526153846153846,
        0.9415384615384615,
        0.9846153846153847,
        0.9784615384615385,
        0.9735384615384616,
        0.9864615384615385,
        0.9790769230769231,
        0.9889230769230769,
        0.976,
        0.9483076923076923,
        0.9704615384615385,
        0.9772307692307692,
        0.96
      ],
      "precision": [
        0.9573632566025203,
        0.9687652947719689,
        0.9745629805878768,
        0.9763208001818595,
        0.9643924815765504,
        0.9852761315217328,
        0.9770758620689656,
        0.9797450150143562,
        0.9803602201822429,
        0.9862173493553198,
        0.9661902494145574,
        0.965416465651036,
        0.956405440713133,
        0.9457704612131964,
        0.9846958634398467,
        0.9791301391941393,
        0.9737706969384644,
        0.9866895084523386,
        0.9798169717790861,
        0.9891579233487361,
        0.9769763185894512,
        0.9521236539800391,
        0.9714175302092543,
        0.977877080843699,
        0.9610174921984239
      ],
      "f1_score": [
        0.9569344344956895,
        0.9666879271903213,
        0.9734833380657744,
        0.975997327706975,
        0.9616912524310717,
        0.9852295607915557,
        0.9759730018684183,
        0.9796885659837031,
        0.9802964865066219,
        0.9858330302357169,
        0.9648772704276619,
        0.963011068710672,
        0.9524529988569437,
        0.941270835883389,
        0.984610374254946,
        0.9784376903958604,
        0.9735208886129335,
        0.9864540446888271,
        0.9790665207808064,
        0.9889189192972633,
        0.9759804706473876,
        0.9481084858283295,
        0.9704028864109417,
        0.9771947054405559,
        0.959886819580366
      ],
      "statistics": {
        "confusion_matrix": {
          "avg": [
            [
              836.12,
              5.2
            ],
            [
              41.12,
              742.56
            ]
          ],
          "std": [
            [
              23.469674049717867,
              5.528109984434102
            ],
            [
              19.81175408690508,
              29.89458813899265
            ]
          ],
          "max": [
            [
              871,
              23
            ],
            [
              88,
              792
            ]
          ],
          "min": [
            [
              763,
              0
            ],
            [
              16,
              690
            ]
          ]
        },
        "accuracy": {
          "avg": 0.9714953846153846,
          "std": 0.012351577145780446,
          "max": 0.9889230769230769,
          "min": 0.9415384615384615
        },
        "precision": {
          "avg": 0.9726614075131518,
          "std": 0.011315384679602511,
          "max": 0.9891579233487361,
          "min": 0.9457704612131964
        },
        "f1_score": {
          "avg": 0.9714403562037093,
          "std": 0.012410658162472863,
          "max": 0.9889189192972633,
          "min": 0.941270835883389
        }
      }
    }
  },
  "titanic_set": {
    "coverage": {
      "confusion_matrix": [
        [
          [
            107,
            1
          ],
          [
            44,
            27
          ]
        ],
        [
          [
            109,
            1
          ],
          [
            59,
            10
          ]
        ],
        [
          [
            108,
            0
          ],
          [
            63,
            8
          ]
        ],
        [
          [
            121,
            0
          ],
          [
            53,
            5
          ]
        ],
        [
          [
            110,
            0
          ],
          [
            62,
            7
          ]
        ],
        [
          [
            104,
            0
          ],
          [
            61,
            14
          ]
        ],
        [
          [
            98,
            0
          ],
          [
            76,
            5
          ]
        ],
        [
          [
            107,
            0
          ],
          [
            63,
            9
          ]
        ],
        [
          [
            110,
            0
          ],
          [
            65,
            4
          ]
        ],
        [
          [
            98,
            0
          ],
          [
            60,
            21
          ]
        ],
        [
          [
            107,
            1
          ],
          [
            45,
            26
          ]
        ],
        [
          [
            105,
            0
          ],
          [
            55,
            19
          ]
        ],
        [
          [
            114,
            0
          ],
          [
            65,
            0
          ]
        ],
        [
          [
            113,
            2
          ],
          [
            44,
            20
          ]
        ],
        [
          [
            105,
            3
          ],
          [
            51,
            20
          ]
        ],
        [
          [
            107,
            2
          ],
          [
            54,
            16
          ]
        ],
        [
          [
            121,
            1
          ],
          [
            51,
            6
          ]
        ],
        [
          [
            106,
            1
          ],
          [
            54,
            18
          ]
        ],
        [
          [
            114,
            0
          ],
          [
            56,
            9
          ]
        ],
        [
          [
            99,
            0
          ],
          [
            66,
            14
          ]
        ],
        [
          [
            114,
            3
          ],
          [
            49,
            13
          ]
        ],
        [
          [
            114,
            0
          ],
          [
            64,
            1
          ]
        ],
        [
          [
            113,
            0
          ],
          [
            59,
            7
          ]
        ],
        [
          [
            109,
            0
          ],
          [
            64,
            6
          ]
        ],
        [
          [
            109,
            2
          ],
          [
            56,
            12
          ]
        ]
      ],
      "accuracy": [
        0.7486033519553073,
        0.664804469273743,
        0.6480446927374302,
        0.7039106145251397,
        0.6536312849162011,
        0.659217877094972,
        0.5754189944134078,
        0.6480446927374302,
        0.6368715083798883,
        0.664804469273743,
        0.7430167597765364,
        0.6927374301675978,
        0.6368715083798883,
        0.7430167597765364,
        0.6983240223463687,
        0.6871508379888268,
        0.7094972067039106,
        0.6927374301675978,
        0.6871508379888268,
        0.6312849162011173,
        0.7094972067039106,
        0.6424581005586593,
        0.6703910614525139,
        0.6424581005586593,
        0.6759776536312849
      ],
      "precision": [
        0.810022832618933,
        0.7491414544487169,
        0.7777124375183769,
        0.7940987606755281,
        0.7784851240743147,
        0.7852039952598613,
        0.7608681692673217,
        0.7784751889582648,
        0.7717478052673583,
        0.7920939113216887,
        0.8066853975410282,
        0.7983589385474861,
        0.4056053181860741,
        0.7874442392109544,
        0.7510136208217335,
        0.7523084693354307,
        0.7524174539245345,
        0.7770839458982652,
        0.7902070325336839,
        0.7787709497206704,
        0.7385654796586352,
        0.7710124913690289,
        0.783454592698454,
        0.7747279361901378,
        0.7352680838714358
      ],
      "f1_score": [
        0.7148759439262232,
        0.5782625296410916,
        0.5474449724092151,
        0.6059629394162108,
        0.5504253025288767,
        0.5810718575156477,
        0.4471298978211526,
        0.5511969828368594,
        0.5166141035607308,
        0.605498274728886,
        0.7070713803355463,
        0.6337659570368507,
        0.49558602017274583,
        0.7001056561379911,
        0.6487254573549592,
        0.6248443466320561,
        0.6207221715501844,
        0.6337559663778984,
        0.5996197629685709,
        0.547931772257221,
        0.6476988560787443,
        0.5082871262560557,
        0.5713103451979609,
        0.5324862733322072,
        0.6009852070830642
      ],
      "statistics": {
        "confusion_matrix": {
          "avg": [
            [
              108.88,
              0.68
            ],
            [
              57.56,
              11.88
            ]
          ],
          "std": [
            [
              5.819415778237539,
              0.9682974749528163
            ],
            [
              7.610939495226591,
              7.2846139225081785
            ]
          ],
          "max": [
            [
              121,
              3
            ],
            [
              76,
              27
            ]
          ],
          "min": [
            [
              98,
              0
            ],
            [
              44,
              0
            ]
          ]
        },
        "accuracy": {
          "avg": 0.6746368715083798,
          "std": 0.039290229142264134,
          "max": 0.7486033519553073,
          "min": 0.5754189944134078
        },
        "precision": {
          "avg": 0.7600309451567167,
          "std": 0.07491245242267297,
          "max": 0.810022832618933,
          "min": 0.4056053181860741
        },
        "f1_score": {
          "avg": 0.590855164126278,
          "std": 0.06535877239689715,
          "max": 0.7148759439262232,
          "min": 0.4471298978211526
        }
      }
    },
    "accuracy": {
      "confusion_matrix": [
        [
          [
            108,
            2
          ],
          [
            59,
            10
          ]
        ],
        [
          [
            109,
            2
          ],
          [
            40,
            28
          ]
        ],
        [
          [
            112,
            1
          ],
          [
            51,
            15
          ]
        ],
        [
          [
            111,
            2
          ],
          [
            44,
            22
          ]
        ],
        [
          [
            109,
            4
          ],
          [
            43,
            23
          ]
        ],
        [
          [
            114,
            2
          ],
          [
            35,
            28
          ]
        ],
        [
          [
            110,
            1
          ],
          [
            52,
            16
          ]
        ],
        [
          [
            104,
            1
          ],
          [
            48,
            26
          ]
        ],
        [
          [
            102,
            2
          ],
          [
            57,
            18
          ]
        ],
        [
          [
            99,
            1
          ],
          [
            66,
            13
          ]
        ],
        [
          [
            105,
            1
          ],
          [
            62,
            11
          ]
        ],
        [
          [
            104,
            4
          ],
          [
            50,
            21
          ]
        ],
        [
          [
            111,
            1
          ],
          [
            54,
            13
          ]
        ],
        [
          [
            101,
            2
          ],
          [
            60,
            16
          ]
        ],
        [
          [
            114,
            0
          ],
          [
            62,
            3
          ]
        ],
        [
          [
            104,
            4
          ],
          [
            41,
            30
          ]
        ],
        [
          [
            106,
            3
          ],
          [
            37,
            33
          ]
        ],
        [
          [
            108,
            1
          ],
          [
            51,
            19
          ]
        ],
        [
          [
            114,
            0
          ],
          [
            38,
            27
          ]
        ],
        [
          [
            95,
            1
          ],
          [
            67,
            16
          ]
        ],
        [
          [
            114,
            0
          ],
          [
            53,
            12
          ]
        ],
        [
          [
            113,
            5
          ],
          [
            30,
            31
          ]
        ],
        [
          [
            100,
            0
          ],
          [
            76,
            3
          ]
        ],
        [
          [
            104,
            0
          ],
          [
            52,
            23
          ]
        ],
        [
          [
            119,
            1
          ],
          [
            46,
            13
          ]
        ]
      ],
      "accuracy": [
        0.659217877094972,
        0.7653631284916201,
        0.7094972067039106,
        0.7430167597765364,
        0.7374301675977654,
        0.7932960893854749,
        0.7039106145251397,
        0.7262569832402235,
        0.6703910614525139,
        0.6256983240223464,
        0.6480446927374302,
        0.6983240223463687,
        0.6927374301675978,
        0.6536312849162011,
        0.6536312849162011,
        0.7486033519553073,
        0.776536312849162,
        0.7094972067039106,
        0.7877094972067039,
        0.6201117318435754,
        0.7039106145251397,
        0.8044692737430168,
        0.5754189944134078,
        0.7094972067039106,
        0.7374301675977654
      ],
      "precision": [
        0.7186465058709397,
        0.8082011673103122,
        0.7794367138499504,
        0.7900702829338621,
        0.7667883628998006,
        0.8243110494544637,
        0.7786054210635217,
        0.7994489638123864,
        0.749815537050701,
        0.7450119712689546,
        0.7461640963882291,
        0.7406428208662844,
        0.7684901690488283,
        0.7383824714405234,
        0.7756475368207212,
        0.7827325574807076,
        0.809854019351226,
        0.7851270159165175,
        0.840782122905028,
        0.750915884665474,
        0.7978791021309337,
        0.814371692863313,
        0.7587607922803453,
        0.8063314711359403,
        0.7895596024087644
      ],
      "f1_score": [
        0.574375476660534,
        0.737018847074713,
        0.6472429407315691,
        0.7031907501598155,
        0.701696379085812,
        0.7694930584127008,
        0.6427404997237399,
        0.6875952773635297,
        0.609442760628444,
        0.5407988974159318,
        0.5610758613716221,
        0.6525304917054032,
        0.6216084116843114,
        0.5848209300901563,
        0.5327535213661654,
        0.7226924156727412,
        0.7557727282613969,
        0.6559011275095658,
        0.7590305007113363,
        0.5433389632324283,
        0.6299327424598304,
        0.7886365135887009,
        0.43711874816100604,
        0.6614753163835366,
        0.677230306960483
      ],
      "statistics": {
        "confusion_matrix": {
          "avg": [
            [
              107.6,
              1.64
            ],
            [
              50.96,
              18.8
            ]
          ],
          "std": [
            [
              5.663920903402518,
              1.3821722034536796
            ],
            [
              10.908638778509443,
              8.094442537939225
            ]
          ],
          "max": [
            [
              119,
              5
            ],
            [
              76,
              33
            ]
          ],
          "min": [
            [
              95,
              0
            ],
            [
              30,
              3
            ]
          ]
        },
        "accuracy": {
          "avg": 0.7061452513966481,
          "std": 0.05710360821980174,
          "max": 0.8044692737430168,
          "min": 0.5754189944134078
        },
        "precision": {
          "avg": 0.7786390932487092,
          "std": 0.029697168378210802,
          "max": 0.840782122905028,
          "min": 0.7186465058709397
        },
        "f1_score": {
          "avg": 0.6479005386566189,
          "std": 0.08492479391617562,
          "max": 0.7886365135887009,
          "min": 0.43711874816100604
        }
      }
    },
    "class_dominance": {
      "confusion_matrix": [
        [
          [
            112,
            1
          ],
          [
            46,
            20
          ]
        ],
        [
          [
            111,
            5
          ],
          [
            43,
            20
          ]
        ],
        [
          [
            105,
            3
          ],
          [
            53,
            18
          ]
        ],
        [
          [
            115,
            9
          ],
          [
            25,
            30
          ]
        ],
        [
          [
            116,
            1
          ],
          [
            45,
            17
          ]
        ],
        [
          [
            109,
            3
          ],
          [
            48,
            19
          ]
        ],
        [
          [
            113,
            0
          ],
          [
            51,
            15
          ]
        ],
        [
          [
            115,
            3
          ],
          [
            46,
            15
          ]
        ],
        [
          [
            100,
            9
          ],
          [
            47,
            23
          ]
        ],
        [
          [
            104,
            2
          ],
          [
            57,
            16
          ]
        ],
        [
          [
            110,
            1
          ],
          [
            43,
            25
          ]
        ],
        [
          [
            103,
            4
          ],
          [
            50,
            22
          ]
        ],
        [
          [
            111,
            2
          ],
          [
            46,
            20
          ]
        ],
        [
          [
            104,
            1
          ],
          [
            65,
            9
          ]
        ],
        [
          [
            115,
            2
          ],
          [
            50,
            12
          ]
        ],
        [
          [
            104,
            1
          ],
          [
            54,
            20
          ]
        ],
        [
          [
            123,
            3
          ],
          [
            36,
            17
          ]
        ],
        [
          [
            106,
            9
          ],
          [
            39,
            25
          ]
        ],
        [
          [
            121,
            3
          ],
          [
            35,
            20
          ]
        ],
        [
          [
            113,
            0
          ],
          [
            43,
            23
          ]
        ],
        [
          [
            116,
            3
          ],
          [
            32,
            28
          ]
        ],
        [
          [
            122,
            1
          ],
          [
            50,
            6
          ]
        ],
        [
          [
            112,
            3
          ],
          [
            38,
            26
          ]
        ],
        [
          [
            115,
            2
          ],
          [
            41,
            21
          ]
        ],
        [
          [
            105,
            2
          ],
          [
            49,
            23
          ]
        ]
      ],
      "accuracy": [
        0.7374301675977654,
        0.7318435754189944,
        0.6871508379888268,
        0.8100558659217877,
        0.7430167597765364,
        0.7150837988826816,
        0.7150837988826816,
        0.7262569832402235,
        0.6871508379888268,
        0.6703910614525139,
        0.7541899441340782,
        0.6983240223463687,
        0.7318435754189944,
        0.6312849162011173,
        0.7094972067039106,
        0.6927374301675978,
        0.7821229050279329,
        0.7318435754189944,
        0.7877094972067039,
        0.7597765363128491,
        0.8044692737430168,
        0.7150837988826816,
        0.770949720670391,
        0.7597765363128491,
        0.7150837988826816
      ],
      "precision": [
        0.7986503278208249,
        0.7486613944714503,
        0.7409457807590896,
        0.8053901405856713,
        0.7980653195615548,
        0.7576625594808707,
        0.8036857882545306,
        0.7548550146315509,
        0.6953193288488579,
        0.7450331764152507,
        0.8111091449901834,
        0.7427695902884861,
        0.78151798740348,
        0.7330468414267296,
        0.7524486686497859,
        0.7798330420492925,
        0.7962106039843997,
        0.7325574807075595,
        0.8045004141676476,
        0.825991978226615,
        0.8238202159629444,
        0.7555541119916851,
        0.800256854812817,
        0.7980932717998542,
        0.7776231589639411
      ],
      "f1_score": [
        0.6913242547952354,
        0.692816432481237,
        0.6315405954770337,
        0.7996462905532203,
        0.6926831718982356,
        0.66688570295832,
        0.6516167055464799,
        0.6728521934363562,
        0.6520942874356446,
        0.6047324508186978,
        0.7188280042790919,
        0.6542092384869719,
        0.6866542520173805,
        0.5338836427610232,
        0.6424831244877914,
        0.6379872616307214,
        0.7454906494060973,
        0.7062697876744165,
        0.7562936132768535,
        0.7209450420365335,
        0.7839319887527785,
        0.6279455859609254,
        0.7429748234992762,
        0.7218252664194169,
        0.6717110833513728
      ],
      "statistics": {
        "confusion_matrix": {
          "avg": [
            [
              111.2,
              2.92
            ],
            [
              45.28,
              19.6
            ]
          ],
          "std": [
            [
              6.072890580275591,
              2.5285569006846575
            ],
            [
              8.229313458606374,
              5.469917732470938
            ]
          ],
          "max": [
            [
              123,
              9
            ],
            [
              65,
              30
            ]
          ],
          "min": [
            [
              100,
              0
            ],
            [
              25,
              6
            ]
          ]
        },
        "accuracy": {
          "avg": 0.7307262569832402,
          "std": 0.04144633964467354,
          "max": 0.8100558659217877,
          "min": 0.6312849162011173
        },
        "precision": {
          "avg": 0.7745440878502029,
          "std": 0.03284991650332613,
          "max": 0.825991978226615,
          "min": 0.6953193288488579
        },
        "f1_score": {
          "avg": 0.6843050179776443,
          "std": 0.057493505983950595,
          "max": 0.7996462905532203,
          "min": 0.5338836427610232
        }
      }
    }
  },
  "students_set": {
    "coverage": {
      "confusion_matrix": [
        [
          [
            119,
            0,
            166
          ],
          [
            14,
            1,
            150
          ],
          [
            13,
            0,
            422
          ]
        ],
        [
          [
            132,
            0,
            158
          ],
          [
            11,
            0,
            139
          ],
          [
            3,
            0,
            442
          ]
        ],
        [
          [
            110,
            0,
            165
          ],
          [
            19,
            0,
            161
          ],
          [
            11,
            0,
            419
          ]
        ],
        [
          [
            125,
            0,
            165
          ],
          [
            10,
            0,
            136
          ],
          [
            4,
            0,
            445
          ]
        ],
        [
          [
            172,
            0,
            109
          ],
          [
            31,
            0,
            125
          ],
          [
            19,
            0,
            429
          ]
        ],
        [
          [
            196,
            0,
            109
          ],
          [
            36,
            0,
            134
          ],
          [
            13,
            0,
            397
          ]
        ],
        [
          [
            162,
            0,
            129
          ],
          [
            22,
            0,
            121
          ],
          [
            18,
            0,
            433
          ]
        ],
        [
          [
            137,
            0,
            131
          ],
          [
            21,
            0,
            144
          ],
          [
            13,
            1,
            438
          ]
        ],
        [
          [
            135,
            0,
            151
          ],
          [
            6,
            0,
            133
          ],
          [
            8,
            0,
            452
          ]
        ],
        [
          [
            117,
            0,
            178
          ],
          [
            12,
            0,
            142
          ],
          [
            6,
            0,
            430
          ]
        ],
        [
          [
            102,
            0,
            174
          ],
          [
            11,
            0,
            159
          ],
          [
            6,
            0,
            433
          ]
        ],
        [
          [
            143,
            0,
            162
          ],
          [
            18,
            0,
            137
          ],
          [
            4,
            0,
            421
          ]
        ],
        [
          [
            121,
            0,
            174
          ],
          [
            9,
            0,
            156
          ],
          [
            2,
            1,
            422
          ]
        ],
        [
          [
            143,
            0,
            124
          ],
          [
            18,
            0,
            142
          ],
          [
            21,
            0,
            437
          ]
        ],
        [
          [
            121,
            0,
            162
          ],
          [
            12,
            0,
            145
          ],
          [
            5,
            0,
            440
          ]
        ],
        [
          [
            129,
            0,
            172
          ],
          [
            7,
            1,
            126
          ],
          [
            9,
            0,
            441
          ]
        ],
        [
          [
            145,
            0,
            123
          ],
          [
            16,
            0,
            147
          ],
          [
            6,
            0,
            448
          ]
        ],
        [
          [
            141,
            0,
            136
          ],
          [
            25,
            0,
            126
          ],
          [
            20,
            0,
            437
          ]
        ],
        [
          [
            124,
            0,
            150
          ],
          [
            9,
            0,
            154
          ],
          [
            3,
            0,
            445
          ]
        ],
        [
          [
            120,
            0,
            184
          ],
          [
            22,
            0,
            138
          ],
          [
            6,
            0,
            415
          ]
        ],
        [
          [
            158,
            0,
            115
          ],
          [
            21,
            0,
            139
          ],
          [
            20,
            0,
            432
          ]
        ],
        [
          [
            157,
            0,
            131
          ],
          [
            28,
            0,
            133
          ],
          [
            20,
            0,
            416
          ]
        ],
        [
          [
            159,
            0,
            112
          ],
          [
            13,
            0,
            144
          ],
          [
            8,
            0,
            449
          ]
        ],
        [
          [
            140,
            0,
            154
          ],
          [
            14,
            0,
            148
          ],
          [
            11,
            0,
            418
          ]
        ],
        [
          [
            172,
            0,
            83
          ],
          [
            52,
            0,
            100
          ],
          [
            26,
            0,
            452
          ]
        ]
      ],
      "accuracy": [
        0.6124293785310735,
        0.6485875706214689,
        0.5977401129943503,
        0.6440677966101694,
        0.6790960451977401,
        0.6700564971751413,
        0.672316384180791,
        0.6497175141242938,
        0.6632768361581921,
        0.6180790960451977,
        0.6045197740112994,
        0.6372881355932203,
        0.6135593220338983,
        0.655367231638418,
        0.6338983050847458,
        0.6451977401129944,
        0.6700564971751413,
        0.6531073446327683,
        0.6429378531073446,
        0.6045197740112994,
        0.6666666666666666,
        0.6474576271186441,
        0.6870056497175141,
        0.6305084745762712,
        0.7050847457627119
      ],
      "precision": [
        0.7299823253630726,
        0.5970042369477723,
        0.5174128302213844,
        0.5973180650281429,
        0.5735526154269923,
        0.5630826271186441,
        0.5867748141665297,
        0.5563611858202068,
        0.6120084935350548,
        0.5713446327683617,
        0.5477138768947416,
        0.5794805398618958,
        0.5750440758103939,
        0.5587439739982113,
        0.576556845576032,
        0.757429121498057,
        0.583017374909781,
        0.5601023670723335,
        0.5830415296167573,
        0.5463829397550622,
        0.5665482127244414,
        0.5506161191223079,
        0.5993641062627719,
        0.56329138846088,
        0.5826956715156368
      ],
      "f1_score": [
        0.5337383835346646,
        0.573833843951244,
        0.5112491219837881,
        0.5688128165399281,
        0.6080849133536866,
        0.5959547044292807,
        0.6052654216797801,
        0.5730441039417229,
        0.5934571175950487,
        0.5386327989377229,
        0.5175580424718456,
        0.5628570573701176,
        0.5332740728969692,
        0.5817552021443412,
        0.5550260726055665,
        0.5761764810446425,
        0.5940700462132752,
        0.5810508971961852,
        0.5636564978198101,
        0.5233547476339482,
        0.5942843626636993,
        0.5745521397329044,
        0.6149764485320849,
        0.555347090919486,
        0.6349647016417115
      ],
      "statistics": {
        "confusion_matrix": {
          "avg": [
            [
              139.2,
              0.0,
              144.68
            ],
            [
              18.28,
              0.08,
              139.16
            ],
            [
              11.0,
              0.08,
              432.52
            ]
          ],
          "std": [
            [
              21.731083728153088,
              0.0,
              26.250668562914736
            ],
            [
              10.13713963601173,
              0.27129319932501067,
              13.049689651482138
            ],
            [
              6.805879810869422,
              0.27129319932501067,
              13.383930663299177
            ]
          ],
          "max": [
            [
              196,
              0,
              184
            ],
            [
              52,
              1,
              161
            ],
            [
              26,
              1,
              452
            ]
          ],
          "min": [
            [
              102,
              0,
              83
            ],
            [
              6,
              0,
              100
            ],
            [
              2,
              0,
              397
            ]
          ]
        },
        "accuracy": {
          "avg": 0.6461016949152543,
          "std": 0.026988387741244943,
          "max": 0.7050847457627119,
          "min": 0.5977401129943503
        },
        "precision": {
          "avg": 0.5853947987790186,
          "std": 0.0508202234004173,
          "max": 0.757429121498057,
          "min": 0.5174128302213844
        },
        "f1_score": {
          "avg": 0.5705990834733382,
          "std": 0.03112642357717477,
          "max": 0.6349647016417115,
          "min": 0.5112491219837881
        }
      }
    },
    "accuracy": {
      "confusion_matrix": [
        [
          [
            142,
            0,
            157
          ],
          [
            16,
            0,
            155
          ],
          [
            11,
            0,
            404
          ]
        ],
        [
          [
            193,
            3,
            97
          ],
          [
            41,
            7,
            116
          ],
          [
            12,
            1,
            415
          ]
        ],
        [
          [
            160,
            0,
            127
          ],
          [
            30,
            0,
            132
          ],
          [
            17,
            0,
            419
          ]
        ],
        [
          [
            159,
            0,
            113
          ],
          [
            29,
            0,
            143
          ],
          [
            10,
            0,
            431
          ]
        ],
        [
          [
            181,
            0,
            114
          ],
          [
            28,
            0,
            121
          ],
          [
            16,
            0,
            425
          ]
        ],
        [
          [
            143,
            1,
            125
          ],
          [
            24,
            3,
            127
          ],
          [
            14,
            0,
            448
          ]
        ],
        [
          [
            153,
            0,
            135
          ],
          [
            30,
            0,
            130
          ],
          [
            8,
            0,
            429
          ]
        ],
        [
          [
            153,
            0,
            114
          ],
          [
            32,
            0,
            131
          ],
          [
            17,
            0,
            438
          ]
        ],
        [
          [
            129,
            0,
            151
          ],
          [
            27,
            0,
            139
          ],
          [
            14,
            0,
            425
          ]
        ],
        [
          [
            140,
            0,
            121
          ],
          [
            28,
            0,
            135
          ],
          [
            15,
            0,
            446
          ]
        ],
        [
          [
            173,
            0,
            88
          ],
          [
            41,
            0,
            109
          ],
          [
            16,
            0,
            458
          ]
        ],
        [
          [
            173,
            2,
            121
          ],
          [
            22,
            2,
            117
          ],
          [
            6,
            0,
            442
          ]
        ],
        [
          [
            166,
            0,
            109
          ],
          [
            41,
            0,
            112
          ],
          [
            24,
            0,
            433
          ]
        ],
        [
          [
            146,
            0,
            131
          ],
          [
            24,
            1,
            132
          ],
          [
            10,
            0,
            441
          ]
        ],
        [
          [
            150,
            0,
            125
          ],
          [
            34,
            0,
            124
          ],
          [
            19,
            0,
            433
          ]
        ],
        [
          [
            147,
            0,
            144
          ],
          [
            16,
            0,
            144
          ],
          [
            9,
            0,
            425
          ]
        ],
        [
          [
            183,
            0,
            114
          ],
          [
            37,
            0,
            117
          ],
          [
            14,
            0,
            420
          ]
        ],
        [
          [
            143,
            0,
            147
          ],
          [
            12,
            1,
            148
          ],
          [
            7,
            0,
            427
          ]
        ],
        [
          [
            169,
            0,
            114
          ],
          [
            27,
            0,
            123
          ],
          [
            17,
            0,
            435
          ]
        ],
        [
          [
            151,
            3,
            120
          ],
          [
            16,
            1,
            159
          ],
          [
            5,
            0,
            430
          ]
        ],
        [
          [
            136,
            0,
            133
          ],
          [
            24,
            0,
            165
          ],
          [
            14,
            0,
            413
          ]
        ],
        [
          [
            144,
            0,
            126
          ],
          [
            29,
            1,
            149
          ],
          [
            10,
            0,
            426
          ]
        ],
        [
          [
            150,
            0,
            150
          ],
          [
            21,
            0,
            127
          ],
          [
            7,
            0,
            430
          ]
        ],
        [
          [
            190,
            0,
            102
          ],
          [
            36,
            0,
            125
          ],
          [
            20,
            0,
            412
          ]
        ],
        [
          [
            172,
            0,
            112
          ],
          [
            23,
            1,
            128
          ],
          [
            13,
            0,
            436
          ]
        ]
      ],
      "accuracy": [
        0.6169491525423729,
        0.6949152542372882,
        0.6542372881355932,
        0.6666666666666666,
        0.6847457627118644,
        0.6711864406779661,
        0.6576271186440678,
        0.6677966101694915,
        0.6259887005649718,
        0.6621468926553672,
        0.7129943502824859,
        0.6971751412429379,
        0.6768361581920904,
        0.6644067796610169,
        0.6587570621468927,
        0.6463276836158192,
        0.6813559322033899,
        0.6451977401129944,
        0.6824858757062147,
        0.6576271186440678,
        0.6203389830508474,
        0.6451977401129944,
        0.655367231638418,
        0.6802259887005649,
        0.688135593220339
      ],
      "precision": [
        0.5484664185355408,
        0.6972565141332568,
        0.5551199734699256,
        0.5594264007852935,
        0.589026422416253,
        0.704751256359834,
        0.5659159055867988,
        0.558213458142598,
        0.5349318013325989,
        0.5565629051226902,
        0.5963339652466431,
        0.6965719425471512,
        0.5651857446446157,
        0.7505010200878846,
        0.5538707090186135,
        0.5733323621988768,
        0.5788352890047804,
        0.7611986265705012,
        0.5843267704153357,
        0.6196257587979983,
        0.5178364094550498,
        0.7417148552782599,
        0.5859819161990742,
        0.5695634650306876,
        0.7643365760706047
      ],
      "f1_score": [
        0.5400287397949585,
        0.6320348346837452,
        0.5806659742242393,
        0.5887450414713307,
        0.6167554800838873,
        0.602320349791739,
        0.5824864857829745,
        0.5925997022889907,
        0.546764843155878,
        0.5855065202632133,
        0.6423690013340364,
        0.6339551008098878,
        0.6063911918089377,
        0.591385763675836,
        0.5850534155603142,
        0.5722073209864695,
        0.6109738580867567,
        0.5718673522088772,
        0.6132298957030107,
        0.5813555676305544,
        0.5368319144096273,
        0.5653750498117183,
        0.583953112816314,
        0.6086046339649841,
        0.6198654493610406
      ],
      "statistics": {
        "confusion_matrix": {
          "avg": [
            [
              157.84,
              0.36,
              123.6
            ],
            [
              27.52,
              0.68,
              132.32
            ],
            [
              13.0,
              0.04,
              429.64
            ]
          ],
          "std": [
            [
              17.06617707631091,
              0.8890444308357148,
              16.87364809399556
            ],
            [
              7.889841570019008,
              1.4891608375189036,
              14.468503723605979
            ],
            [
              4.638965401897281,
              0.19595917942265437,
              12.009596163068933
            ]
          ],
          "max": [
            [
              193,
              3,
              157
            ],
            [
              41,
              7,
              165
            ],
            [
              24,
              1,
              458
            ]
          ],
          "min": [
            [
              129,
              0,
              88
            ],
            [
              12,
              0,
              109
            ],
            [
              5,
              0,
              404
            ]
          ]
        },
        "accuracy": {
          "avg": 0.6645875706214689,
          "std": 0.02321351708111686,
          "max": 0.7129943502824859,
          "min": 0.6169491525423729
        },
        "precision": {
          "avg": 0.6131554586580347,
          "std": 0.07736625108969832,
          "max": 0.7643365760706047,
          "min": 0.5178364094550498
        },
        "f1_score": {
          "avg": 0.5916530639883728,
          "std": 0.027189626246101148,
          "max": 0.6423690013340364,
          "min": 0.5368319144096273
        }
      }
    },
    "class_dominance": {
      "confusion_matrix": [
        [
          [
            151,
            0,
            123
          ],
          [
            21,
            0,
            134
          ],
          [
            17,
            0,
            439
          ]
        ],
        [
          [
            146,
            0,
            119
          ],
          [
            20,
            0,
            137
          ],
          [
            9,
            0,
            454
          ]
        ],
        [
          [
            200,
            2,
            80
          ],
          [
            43,
            1,
            122
          ],
          [
            27,
            0,
            410
          ]
        ],
        [
          [
            166,
            4,
            122
          ],
          [
            37,
            2,
            118
          ],
          [
            25,
            1,
            410
          ]
        ],
        [
          [
            170,
            0,
            108
          ],
          [
            37,
            0,
            125
          ],
          [
            41,
            0,
            404
          ]
        ],
        [
          [
            176,
            0,
            109
          ],
          [
            39,
            0,
            132
          ],
          [
            24,
            0,
            405
          ]
        ],
        [
          [
            181,
            0,
            101
          ],
          [
            36,
            0,
            128
          ],
          [
            16,
            0,
            423
          ]
        ],
        [
          [
            194,
            1,
            77
          ],
          [
            32,
            0,
            121
          ],
          [
            39,
            0,
            421
          ]
        ],
        [
          [
            171,
            0,
            108
          ],
          [
            36,
            0,
            128
          ],
          [
            25,
            0,
            417
          ]
        ],
        [
          [
            194,
            0,
            80
          ],
          [
            47,
            1,
            111
          ],
          [
            27,
            0,
            425
          ]
        ],
        [
          [
            183,
            0,
            113
          ],
          [
            31,
            0,
            128
          ],
          [
            29,
            0,
            401
          ]
        ],
        [
          [
            132,
            0,
            141
          ],
          [
            30,
            0,
            131
          ],
          [
            14,
            0,
            437
          ]
        ],
        [
          [
            111,
            0,
            165
          ],
          [
            18,
            0,
            150
          ],
          [
            10,
            1,
            430
          ]
        ],
        [
          [
            151,
            0,
            121
          ],
          [
            25,
            0,
            144
          ],
          [
            18,
            0,
            426
          ]
        ],
        [
          [
            230,
            0,
            58
          ],
          [
            76,
            1,
            82
          ],
          [
            73,
            1,
            364
          ]
        ],
        [
          [
            215,
            0,
            98
          ],
          [
            29,
            1,
            96
          ],
          [
            35,
            0,
            411
          ]
        ],
        [
          [
            161,
            0,
            111
          ],
          [
            36,
            0,
            114
          ],
          [
            40,
            0,
            423
          ]
        ],
        [
          [
            169,
            0,
            117
          ],
          [
            28,
            0,
            138
          ],
          [
            13,
            0,
            420
          ]
        ],
        [
          [
            208,
            0,
            76
          ],
          [
            57,
            0,
            118
          ],
          [
            51,
            0,
            375
          ]
        ],
        [
          [
            104,
            0,
            195
          ],
          [
            11,
            0,
            153
          ],
          [
            5,
            0,
            417
          ]
        ],
        [
          [
            175,
            0,
            116
          ],
          [
            23,
            0,
            125
          ],
          [
            14,
            1,
            431
          ]
        ],
        [
          [
            133,
            0,
            147
          ],
          [
            19,
            0,
            140
          ],
          [
            12,
            0,
            434
          ]
        ],
        [
          [
            146,
            1,
            149
          ],
          [
            19,
            0,
            138
          ],
          [
            8,
            0,
            424
          ]
        ],
        [
          [
            193,
            0,
            89
          ],
          [
            51,
            1,
            116
          ],
          [
            30,
            0,
            405
          ]
        ],
        [
          [
            176,
            0,
            102
          ],
          [
            30,
            0,
            128
          ],
          [
            12,
            0,
            437
          ]
        ]
      ],
      "accuracy": [
        0.6666666666666666,
        0.6779661016949152,
        0.6903954802259887,
        0.6531073446327683,
        0.6485875706214689,
        0.656497175141243,
        0.6824858757062147,
        0.6949152542372882,
        0.6644067796610169,
        0.7005649717514124,
        0.6598870056497175,
        0.6429378531073446,
        0.6112994350282486,
        0.6519774011299435,
        0.672316384180791,
        0.7084745762711865,
        0.6598870056497175,
        0.6655367231638418,
        0.6587570621468927,
        0.5887005649717514,
        0.6847457627118644,
        0.6406779661016949,
        0.6440677966101694,
        0.6768361581920904,
        0.6926553672316385
      ],
      "precision": [
        0.5723511215426276,
        0.5843444849890301,
        0.6293600679443152,
        0.6016599081362686,
        0.53423018700688,
        0.5410503789226903,
        0.5693511043792712,
        0.5785129706540856,
        0.5512988875692192,
        0.7561513366471626,
        0.5553628641401668,
        0.545456320272844,
        0.5366551304514345,
        0.5485156795317917,
        0.6447559987875716,
        0.7572721365116614,
        0.5502965903040994,
        0.5645018384001436,
        0.528466012017857,
        0.5527284812229977,
        0.5946472987446764,
        0.5599312883041616,
        0.5733601371442366,
        0.7406175275776118,
        0.5860031421080005
      ],
      "f1_score": [
        0.5946475129447271,
        0.6036884953396289,
        0.6191116930966453,
        0.5869696504567313,
        0.5785382525817588,
        0.5815784105167189,
        0.6086299335732225,
        0.6276732948171282,
        0.5913836832620208,
        0.6303648917416617,
        0.5906126500918883,
        0.565335453333316,
        0.5281628804640347,
        0.5757831301492345,
        0.6091442488376269,
        0.6532816939621584,
        0.5928069867357686,
        0.591143852321766,
        0.5853245133388222,
        0.502747684092694,
        0.6173557806210452,
        0.5643807547689731,
        0.5703886052948163,
        0.604454437955438,
        0.6202559585282384
      ],
      "statistics": {
        "confusion_matrix": {
          "avg": [
            [
              169.44,
              0.32,
              113.0
            ],
            [
              33.24,
              0.28,
              126.28
            ],
            [
              24.56,
              0.16,
              417.72
            ]
          ],
          "std": [
            [
              30.101269076236633,
              0.8818163074019438,
              29.64725956981522
            ],
            [
              13.828318769828819,
              0.530659966456864,
              15.295803346016188
            ],
            [
              15.34947556107374,
              0.36660605559646714,
              18.978977843919836
            ]
          ],
          "max": [
            [
              230,
              4,
              195
            ],
            [
              76,
              2,
              153
            ],
            [
              73,
              1,
              454
            ]
          ],
          "min": [
            [
              104,
              0,
              58
            ],
            [
              11,
              0,
              82
            ],
            [
              5,
              0,
              364
            ]
          ]
        },
        "accuracy": {
          "avg": 0.663774011299435,
          "std": 0.02641861071509877,
          "max": 0.7084745762711865,
          "min": 0.5887005649717514
        },
        "precision": {
          "avg": 0.5902752357324321,
          "std": 0.06549212836667083,
          "max": 0.7572721365116614,
          "min": 0.528466012017857
        },
        "f1_score": {
          "avg": 0.5917505779530425,
          "std": 0.03108203261852626,
          "max": 0.6532816939621584,
          "min": 0.502747684092694
        }
      }
    }
  },
  "hyperparams": {
    "iters": 25,
    "B": 100,
    "M": 100,
    "T": 10,
    "m": 5,
    "test_size": 0.2
  }
}